Author Name,Authorship position,Total number of authors,Title,PMID,Journal,NS Journal,NS pub,Year,Affiliation,Last Author,Last Author Affiliation
"Akinnusotu, Oluwatoyin",7,11,Assessing the differences in operative and patient-reported outcomes between lateral approaches for lumbar fusion: a systematic review and indirect meta-analysis.,35453114,Journal of neurosurgery. Spine,,,2022 Apr 22,"6Meharry Medical College, Nashville, Tennessee.",,
"Akinnusotu, Oluwatoyin",1,8,Outcomes following surgical and endovascular treatment of extracranial vertebral artery aneurysms (VAA): a systematic evaluation of the literature.,37779135,Neurosurgical review,,,2023 Oct 2,"Meharry Medical College, Nashville, TN, USA.",,
"Akinnusotu, Oluwatoyin",2,7,Genome-Wide Association Study Identifies Genetic Risk Factors for Spastic Cerebral Palsy.,34098570,Neurosurgery,,,2021 Aug 16,"Surgical Outcomes Center for Kids, Monroe Carell Jr Children's Hospital of Vanderbilt University, Nashville, Tennessee, USA.",,
"Akinnusotu, Oluwatoyin",2,7,Sport participation and related head injuries following craniosynostosis correction: a survey study.,33794495,Neurosurgical focus,,,2021 Apr,"2Surgical Outcomes Center for Kids, Monroe Carell Jr. Children's Hospital at Vanderbilt University; and.",,
,,,,,,,,,"3Meharry Medical College School of Medicine, Nashville, Tennessee.",,
"Akinnusotu, Oluwatoyin",1,4,"Neurosurgical management of cervicomedullary compression, spinal stenosis, and hydrocephalus in pediatric achondroplasia: a systematic review.",37728398,Journal of neurosurgery. Pediatrics,,,2023 Nov 1,"1Meharry Medical College, Nashville, Tennessee; and.",,
"Akinnusotu, Oluwatoyin",1,4,Supporting Mental Health and Psychological Resilience Among the Health Care Workforce: Gaps in the Evidence and Urgency for Action.,36849469,Annals of family medicine,,,2023 Feb,"Department of Neurosurgery, Mayo Clinic Rochester, Minnesota oakinnusotu19@email.mmc.edu.",,
"Akinnusotu, Oluwatoyin",6,13,Conversion of left atrial volume to diameter for automated estimation of sudden cardiac death risk in hypertrophic cardiomyopathy.,33325582,"Echocardiography (Mount Kisco, N.Y.)",,,2021 Feb,"Department of Cardiovascular Medicine, Mayo Clinic, Rochester, MN, USA.",,
,,,,,,,,,,,
"Heydari, Ehsaun",4,6,Review of the Treatments for Central Neuropathic Pain.,36552186,Brain sciences,,,2022 Dec 16,"Department of Neuroscience and Experimental Therapeutics, Albany Medical College, Albany, NY 12208, USA.",,
"Heydari, Ehsaun S",2,7,Botulinum Toxin as an Effective Treatment for Trigeminal Neuralgia in Surgical Practices.,35944492,Stereotactic and functional neurosurgery,,,2022,"Department of Neuroscience and Experimental Therapeutics, Albany Medical College, Albany, New York, USA.",,
"Heydari, Ehsaun S",4,12,Developing a fast-track discharge protocol for patients with cerebral aneurysms treated via neuroendovascular techniques.,35648585,"Interventional neuroradiology : journal of peritherapeutic neuroradiology, surgical procedures and related neurosciences",,,2022 Jun 1,"Department of Neurosurgery, 138207Albany Medical Center, Albany, NY, USA.",,
,,,,,,,,,,,
"Kannapadi, Nivedha V",2,10,Mid and long-term neurological and neuropsychiatric manifestations of post-COVID-19 syndrome: A meta-analysis.,35121209,Journal of the neurological sciences,,,2022 Mar 15,"Division of Neurosciences Critical Care, Department of Neurology, Neurosurgery, Anaesthesiology and Critical Care Medicine and Neurosurgery, Johns Hopkins University School of Medicine, Baltimore, United States of America.",,
"Kannapadi, Nivedha V",1,4,Synthesizing Molecular and Immune Characteristics to Move Beyond WHO Grade in Meningiomas: A Focused Review.,35712492,Frontiers in oncology,,,2022,"Department of Neurosurgery, Johns Hopkins University School of Medicine, Baltimore, MD, United States.",,
"Kannapadi, Nivedha",11,28,Soluble PD-L1 reprograms blood monocytes to prevent cerebral edema and facilitate recovery after ischemic stroke.,38070624,"Brain, behavior, and immunity",,,2024 Feb,"Department of Neurosurgery, Johns Hopkins University School of Medicine, Baltimore, MD, the United States of America.",,
"Kannapadi, Nivedha",3,9,Neuropathology Associated with Acute Respiratory Distress Syndrome: An Autopsy Study.,36190782,Annals of the American Thoracic Society,,,2023 Jan,"Johns Hopkins University School of Medicine Baltimore, Maryland.",,
"Kannapadi, Nivedha",8,12,Internal neurolysis versus intraoperative glycerin rhizotomy for trigeminal neuralgia.,35523261,Journal of neurosurgery,,,2023 Jan 1,"1Department of Neurosurgery, Johns Hopkins University School of Medicine, Baltimore, Maryland; and.",,
"Kannapadi, Nivedha V",3,16,Reexamining the Role of Postoperative ICU Admission for Patients Undergoing Elective Craniotomy: A Systematic Review.,35686911,Critical care medicine,,,2022 Sep 1,"Department of Neurosurgery, Johns Hopkins University School of Medicine, Baltimore, MD.",,
"Kannapadi, Nivedha",4,11,Duration of Hyperoxia and Neurologic Outcomes in Patients Undergoing Extracorporeal Membrane Oxygenation.,33935164,Critical care medicine,,,2021 Oct 1,"Department of Anesthesia and Critical Care Medicine, Johns Hopkins School of Medicine, Baltimore, MD.",,
"Kannapadi, Nivedha V",2,15,Preclinical efficacy of ribavirin in SHH and group 3 medulloblastoma.,33545678,Journal of neurosurgery. Pediatrics,,,2021 Feb 5,,,
"Kannapadi, Nivedha V",7,14,Case Series in the Utility of Invasive Blood Pressure Monitoring in Microvascular Decompression.,35315836,"Operative neurosurgery (Hagerstown, Md.)",,,2022 May 1,"Department of Neurosurgery, Johns Hopkins University School of Medicine, Baltimore, Maryland, USA.",,
"Kannapadi, Nivedha V",1,10,Neurological Complications in COVID-19 Patients With ECMO Support: A Systematic Review and Meta-Analysis.,34756659,"Heart, lung & circulation",,,2022 Feb,"Division of Neurosciences Critical Care, Department of Neurology, Neurosurgery, Anesthesiology and Critical Care Medicine and Neurosurgery, Johns Hopkins University School of Medicine, Baltimore, MD, USA.",,
"Kannapadi, Nivedha V",1,10,Neurologic Injury in Patients With COVID-19 Who Receive VV-ECMO Therapy: A Cohort Study.,34119413,Journal of cardiothoracic and vascular anesthesia,,,2021 Nov,"Division of Neurosciences Critical Care, Department of Neurology, Neurosurgery, Anesthesiology and Critical Care Medicine and Neurosurgery, Johns Hopkins University School of Medicine, Baltimore, MD.",,
"Kannapadi, Nivedha",4,12,A Potential Role for Steroids in Acute Pain Management in Patients with Trigeminal Neuralgia.,36113711,World neurosurgery,,,2022 Nov,"Department of Neurosurgery, Johns Hopkins University School of Medicine, Baltimore, Maryland, USA.",,
"Kannapadi, Nivedha",4,8,Neuropathological findings in COVID-19 vs. non-COVID-19 acute respiratory distress syndrome-A case-control study.,38187146,Frontiers in neurology,,,2023,"Division of Neuroscience Critical Care, Departments of Neurology, Neurosurgery, Anesthesiology and Critical Care Medicine, Johns Hopkins University School of Medicine, Baltimore, MD, United States.",,
"Kannapadi, Nivedha",2,10,Management of Anticoagulation Therapy in ECMO-Associated Ischemic Stroke and Intracranial Hemorrhage.,36628944,"Innovations (Philadelphia, Pa.)",,,2023 Jan-Feb,"Neuroscience Critical Care Division, Departments of Neurology, Neurosurgery, and Anesthesiology and Critical Care Medicine, Johns Hopkins University School of Medicine, Baltimore, MD, USA.",,
"Kannapadi, Nivedha V",10,11,"Spinal cord untethering and midline myelotomy for delayed, symptomatic post-traumatic syringomyelia due to retained ballistic fragments: case report.",35831274,Spinal cord series and cases,,,2022 Jul 12,"Department of Neurosurgery, Johns Hopkins School of Medicine, Baltimore, MD, USA.",,
"Kannapadi, Nivedha V",1,5,Clinically Silent Brain Injury and Perioperative Neurological Events in Patients With Left Ventricular Assist Device: A Brain Autopsy Study.,33229972,ASAIO journal (American Society for Artificial Internal Organs : 1992),,,2021 Aug 1,"Neurosciences Critical Care Division, Departments of Neurology, Neurosurgery, Anesthesiology and Critical Care Medicine and Neurosurgery, Johns Hopkins University School of Medicine, Baltimore, Maryland.",,
"Kannapadi, Nivedha V",1,5,Management of syringomyelia associated with tuberculous meningitis: A case report and systematic review of the literature.,33863527,Journal of clinical neuroscience : official journal of the Neurosurgical Society of Australasia,,,2021 May,"Division of Neurosciences Critical Care, Department of Neurology, Neurosurgery, Anesthesiology and Critical Care Medicine and Neurosurgery, Johns Hopkins University School of Medicine, Baltimore, MD, United States.",,
,,,,,,,,,,,
"Leavitt, Lydia",1,6,Surgical management of an abscess of the insula.,36600730,Surgical neurology international,,,2022,"Department of Neurosurgery, University of Illinois College of Medicine, Rockford, Illinois.",,
"Leavitt, Lydia",2,3,Commentary: French Military Neurosurgery: At Home and Abroad.,37681954,Neurosurgery,,,2024 Feb 1,"Department of Neurosurgery, University of Kentucky College of Medicine, Lexington , Kentucky , USA.",,
"Leavitt, Lydia A",1,3,5-ALA fluorescence-guided resection of a recurrent anaplastic pleomorphic xanthoastrocytoma: illustrative case.,36193033,Journal of neurosurgery. Case lessons,,,2022 Oct 3,"1University of Illinois College of Medicine, Rockford, Illinois; and.",,
"Leavitt, Lydia A",3,5,Optimizing Actigraphic Estimation of Sleep Duration in Suspected Idiopathic Hypersomnia.,30952223,Journal of clinical sleep medicine : JCSM : official publication of the American Academy of Sleep Medicine,,,2019 Apr 15,"Department of Psychiatry, School of Medicine and Public Health, University of Wisconsin-Madison, Madison, Wisconsin.",,
"Leavitt, Lydia A",1,5,Spontaneous rupture of an arachnoid cyst in an adult: illustrative case.,38015025,Journal of neurosurgery. Case lessons,,,2023 Feb 13,"1University of Illinois College of Medicine, Rockford, Illinois; and.",,
"Leavitt, Lydia",3,9,Economic Trends in Commonly Used Drugs for Spinal Fusion and Brain Tumor Resection: An Analysis of the Medicare Part D Database.,37626682,Biomedicines,,,2023 Aug 3,"College of Medicine, University of Illinois, 1601 Parkview Ave., Rockford, IL 61107, USA.",,
"Leavitt, Lydia A",5,21,Glioblastoma-infiltrating CD8+ T cells are predominantly a clonally expanded GZMK+ effector population.,38416133,Cancer discovery,,,2024 Feb 28,"University of Louisville, United States.",,
,,,,,,,,,,,
"Mohiuddin, Ismail S",1,2,DNA-PK as an Emerging Therapeutic Target in Cancer.,31380275,Frontiers in oncology,,,2019,"Cancer Center, Department of Pediatrics, Pharmacology and Neuroscience, School of Medicine, Texas Tech University Health Sciences Center, Lubbock, TX, United States.",,
"Mohiuddin, Ismail S",1,3,Role of OCT4 in cancer stem-like cells and chemotherapy resistance.,30904611,Biochimica et biophysica acta. Molecular basis of disease,,,2020 Apr 1,"Cancer Center, Department of Pediatrics, Pharmacology & Neuroscience, School of Medicine, Texas Tech University Health Sciences Center, Lubbock, TX 79430, USA.",,
"Mohiuddin, Ismail S",3,8,DNA-PKcs as an upstream mediator of OCT4-induced MYC activation in small cell lung cancer.,37116859,Biochimica et biophysica acta. Gene regulatory mechanisms,,,2023 Jun,"Cancer Center, Texas Tech University Health Sciences Center, Lubbock, TX 79430, USA; Graduate School of Biomedical Sciences, Texas Tech University Health Sciences Center, Lubbock, TX 79430, USA.",,
"Mohiuddin, Ismail S",1,8,Development of cell-based high throughput luminescence assay for drug discovery in inhibiting OCT4/DNA-PKcs and OCT4-MK2 interactions.,33565603,Biotechnology and bioengineering,,,2021 May,"Cancer Center, School of Medicine, Texas Tech University Health Sciences Center, Lubbock, Texas, USA.",,
,,,,,,,,,"Department of Pediatrics, School of Medicine, Texas Tech University Health Sciences Center, Lubbock, Texas, USA.",,
"Mohiuddin, Ismail S",2,6,Analysis of Frontal Sinus Fracture Management and Resource Utilization.,33136863,The Journal of craniofacial surgery,,,2020 Nov/Dec,,,
,,,,,,,,,,,
"Pando, Alejandro",1,4,Extracellular vesicles in leukemia.,29190514,Leukemia research,,,2018 Jan,"Division of Hematology and Oncology, Rhode Island Hospital, The Warren Alpert Medical School of Brown University, Providence, RI, USA.",,
"Pando, Alejandro",4,8,Current landscape of social media use pertaining to glioblastoma by various stakeholders.,37250621,Neuro-oncology advances,,,2023 Jan-Dec,"Department of Neurosurgery, Rutgers New Jersey Medical School, Newark, New Jersey, USA.",,
"Pando, Alejandro",1,6,Murine Leukemia-Derived Extracellular Vesicles Elicit Antitumor Immune Response.,34040472,Journal of blood medicine,,,2021,"Division of Hematology/Oncology, Department of Medicine, Rhode Island Hospital and the Warren Alpert School of Medicine at Brown University, Providence, RI, USA.",,
"Pando, Alejandro",2,4,Cerebrospinal fluid (CSF) leak after elective lumbar spinal fusion: Who is at risk?,36094667,"European spine journal : official publication of the European Spine Society, the European Spinal Deformity Society, and the European Section of the Cervical Spine Research Society",,,2022 Dec,"Rutgers New Jersey Medical School, 140 Bergen Street, Newark, NJ, 07103, USA.",,
"Pando, Alejandro",1,4,Tumor Derived Extracellular Vesicles Modulate Gene Expression in T cells.,36208714,Gene,,,2023 Jan 20,"Warren Alpert School of Medicine at Brown University and Division of Hematology/Oncology, Rhode Island Hospital, Providence, RI, United States; Center for Biomedical Engineering, Brown University, Providence, RI, United States. Electronic address: alejandro_pando@alumni.brown.edu.",,
"Pando, Alejandro",11,11,Vegetative state is a pejorative term.,23232156,NeuroRehabilitation,,,2012,,,
"Pando, Alejandro",1,3,Robotic assistance in lumbar fusion surgery: trends and patterns from 2016-2019.,37000219,"European spine journal : official publication of the European Spine Society, the European Spinal Deformity Society, and the European Section of the Cervical Spine Research Society",,,2023 Jun,"Department of Neurological Surgery, Rutgers New Jersey Medical School, 185 S Orange Ave, Newark, NJ, 07103, USA. alejandro_pando@alumni.brown.edu.",,
"Pando, Alejandro",1,6,Palliative Care Effects on Survival in Glioblastoma: Who Receives Palliative Care?,36481442,World neurosurgery,,,2023 Feb,"Department of Neurological Surgery, Rutgers New Jersey Medical School, Newark, New Jersey, USA. Electronic address: alejandro_pando@alumni.brown.edu.",,
"Pando, Alejandro",1,1,"In Reply to the Letter to the Editor Regarding ""Palliative Care Effects on Survival in Glioblastoma: Who Receives Palliative Care?"".",37189316,World neurosurgery,,,2023 May,"Department of Neurological Surgery, Rutgers New Jersey Medical School, Newark, New Jersey, USA. Electronic address: alejandro_pando@alumni.brown.edu.",,
"Pando, Alejandro",3,7,Thirty-Day Stroke and Mortality After Carotid Revascularization Among Octogenarians with Symptomatic Carotid Stenosis: Real-World Evidence from a National Surgical Quality Registry.,35863648,World neurosurgery,,,2022 Nov,"Department of Neurosurgery, Rutgers New Jersey Medical School, Newark, New Jersey, USA.",,
"Pando, Alejandro",5,5,Brain death diagnosis and apnea test safety.,20174506,Annals of Indian Academy of Neurology,,,2009 Jul,,,
"Pando, Alejandro",1,4,Analysis of Neurosurgery Influencers on Instagram: Trends and Patterns of the Neurosurgeon's Social Media Footprint.,36822401,World neurosurgery,,,2023 May,"Department of Neurological Surgery, Rutgers New Jersey Medical School, Newark, New Jersey, USA. Electronic address: alejandro_pando@alumni.brown.edu.",,
"Pando, Alejandro",1,4,Induction of anti-leukemic responses by stimulation of leukemic CD3+ cells with allogeneic stimulator cells.,30323982,Experimental hematology & oncology,,,2018,"Division of Hematology/Oncology, Rhode Island Hospital and the Warren Alpert School of Medicine at Brown University, One Hoppin Street, Coro West Suite 5.0.1, Providence, RI 02903 USA. ISNI: 0000 0004 1936 9094. GRID: grid.40263.33",,
"Pando, Alejandro",8,24,The World Neurosurgery Global Champions Program: First-Year Experience of a Model Initiative for Reducing Disparities in Global Neurosurgical Literature.,37301534,World neurosurgery,,,2023 Jun 9,"Department of Neurological Surgery, Rutgers New Jersey Medical School, Newark, New Jersey, USA.",,
"Pando, Alejandro",9,10,A Cuban perspective on management of persistent vegetative state.,22334112,MEDICC review,,,2012 Jan,,,
"Pando, Alejandro",3,17,Rapid Implementation of a 3-Dimensional-Printed Patient-Specific Titanium Sacrum Implant for Severe Neuropathic Spinal Arthropathy and Guide to Compassionate US Regulatory Approval.,37584482,"Operative neurosurgery (Hagerstown, Md.)",,,2023 Nov 1,"Department of Neurological Surgery, Rutgers New Jersey Medical School, New Jersey, New Jersey, USA.",,
"Pando, Alejandro",9,13,Assessing acute middle cerebral artery ischemic stroke by quantitative electric tomography.,15259617,Clinical EEG and neuroscience,,,2004 Jul,,,
"Pando, Alejandro",7,9,Eye-Movement Training Results in Changes in qEEG and NIH Stroke Scale in Subjects Suffering from Acute Middle Cerebral Artery Ischemic Stroke: A Randomized Control Trial.,26834698,Frontiers in neurology,,,2016,"Institute of Neurology and Neurosurgery , Havana , Cuba.",,
,,,,,,,,,,,
"Patel, Aneek",4,16,A Common Embryonic Origin of Stem Cells Drives Developmental and Adult Neurogenesis.,30929900,Cell,,,2019 Apr 18,"Institute for Cell Engineering, Johns Hopkins University School of Medicine, Baltimore, MD 21205, USA.",,
"Patel, Aneek",1,9,Endoscopic Techniques in Vascular Neurosurgery.,36229136,Neurosurgery clinics of North America,,,2022 Oct,"Department of Neurological Surgery, University of Pittsburgh Medical Center, 200 Lothrop Street, PUH B-400, Pittsburgh, PA, 15213, USA.",,
"Patel, Aneek",4,7,Sinonasal Glomangiopericytoma with Prolonged Postsurgical Follow-Up.,35832682,Journal of neurological surgery reports,,,2022 Jul,"Grossman School of Medicine, New York University (NYU) Langone Health, New York, New York, United States.",,
"Patel, Aneek",1,9,Neuroophthalmological manifestations of congenital aqueductal stenosis.,34171841,Journal of neurosurgery. Pediatrics,,,2021 Jun 25,"1Department of Neurosurgery, New York University School of Medicine, New York, New York.",,
"Patel, Aneek",2,10,Prevalence of Long-Term Low Back Pain After Symptomatic Lumbar Disc Herniation.,36372321,World neurosurgery,,,2023 Feb,"Department of Neurological Surgery, Weill Cornell Brain and Spine Center, Weill Cornell Medicine, New York Presbyterian Hospital, New York, New York, USA.",,
"Patel, Aneek",1,7,The Value of Intraoperative Magnetic Resonance Imaging in Endoscopic Endonasal Resection of Pituitary Adenoma.,36393881,"Journal of neurological surgery. Part B, Skull base",,,2022 Dec,"Department of Neurosurgery, New York University Langone Health, New York, New York, United States.",,
"Patel, Aneek",4,7,Sinonasal Undifferentiated Carcinoma with Failed Response to Induction Chemotherapy.,35832683,Journal of neurological surgery reports,,,2022 Jul,"Department of Otolaryngology-Head and Neck Surgery, NYU Langone Medical Center, New York, New York, United States.",,
"Patel, Aneek",2,7,Minor Salivary Gland Biopsy in Diagnosis of Sjögren's Syndrome.,35909442,OTO open,,,2022 Jul-Sep,"Department of Otolaryngology-Head and Neck Surgery, NYU Langone Health, New York, New York, USA.",,
"Patel, Aneek",2,6,Qualitative assessment of online information available on accredited head and neck surgery fellowship programs.,35191115,Head & neck,,,2022 May,"Department of Otolaryngology-Head and Neck Surgery, NYU Grossman School of Medicine, New York, New York, USA.",,
"Patel, Aneek",3,9,Adoption of adjuvant chemotherapy in high-risk salivary gland malignancies.,36245302,Head & neck,,,2023 Jan,"Department of Otolaryngology - Head and Neck Surgery, NYU Langone Health, New York, New York, USA.",,
"Patel, Aneek",4,14,Risk of COVID-19 infection and severe disease in MS patients on different disease-modifying therapies.,35398713,Multiple sclerosis and related disorders,,,2022 Apr,"NYU Langone Health Department of Neurology, 222 E 41(st) St, 9(th) Floor, New York City, New York, 10017.",,
"Patel, Aneek",3,14,The role of endoscopic endonasal surgery in the management of prolactinomas based on their invasiveness into the cavernous sinus.,35467273,Pituitary,,,2022 Jun,"Department of Neurological Surgery, University of Pittsburgh Medical Center, Pittsburgh, PA, USA.",,
"Patel, Aneek",1,5,Spontaneous Cerebrospinal Fluid Rhinorrhea from a Prolactin-Secreting Pituitary Macroadenoma.,33728130,Cureus,,,2021 Feb 3,"Neurosurgery, New York University, New York, USA.",,
"Patel, Aneek",3,6,Idiopathic De Novo Arteriovenous Malformation: A Rare Acquired Intracranial Lesion.,37397049,Asian journal of neurosurgery,,,2023 Jun,"Department of Neurological Surgery, New York University Langone Health, New York, New York, United States.",,
"Patel, Aneek",1,4,Iatrogenic haemoperitoneum requiring transfusion after ventriculoperitoneal shunt placement: case report.,33305645,British journal of neurosurgery,,,2023 Oct,"Department of Neurosurgery, New York University School of Medicine, NYU Langone Health, New York, NY, USA.",,
"Patel, Aneek",2,7,Intraparenchymal hematoma and intraventricular catheter placement using robotic stereotactic assistance (ROSA): A single center preliminary experience.,34373057,Journal of clinical neuroscience : official journal of the Neurosurgical Society of Australasia,,,2021 Sep,"Department of Neurosurgery, New York University School of Medicine, New York, NY, United States.",,
"Patel, Aneek",2,8,Comparing Rates of Postoperative Meningitis After Endoscopic Endonasal Procedures Based on Methicillin-Resistant Staphylococcus aureus/Methicillin-Sensitive Staphylococcus aureus Colonization and Antibiotic Prophylaxis.,36041718,World neurosurgery,,,2022 Nov,"Department of Neurosurgery, NYU Langone Health, New York, New York, USA.",,
"Patel, Aneek",1,8,Bibliometric analysis of the top 100 cited articles on stereotactic radiosurgery of intracranial meningiomas.,35142245,British journal of neurosurgery,,,2023 Oct,"Department of Neurosurgery, New York University School of Medicine, New York, NY, USA.",,
"Patel, Aneek",3,10,Bibliometric Analysis of the Top 100 Cited Articles on Stereotactic Radiosurgery for Trigeminal Neuralgia.,37056872,Asian journal of neurosurgery,,,2023 Mar,"New York University School of Medicine, New York, New York, United States.",,
"Patel, Aneek",2,12,Chronic Encapsulated Expanding Hematomas After Stereotactic Radiosurgery for Intracranial Arteriovenous Malformations: An International Multicenter Case Series.,36519863,Neurosurgery,,,2023 Jan 1,"Department of Neurological Surgery, University of Pittsburgh Medical Center, Pittsburgh, Pennsylvania, USA.",,
"Patel, Aneek",2,8,United States Neurosurgery Department Program Directors: A Cross-Sectional Evaluation of Current and Future Trends and Attributes.,36402302,World neurosurgery,,,2023 Feb,"Department of Neurosurgery, NYU Langone Health, New York, New York, USA.",,
,,,,,,,,,,,
"Tigchelaar, Seth S",3,6,Trochanteric osteotomy for acetabular fracture fixation: a case series and literature review.,32743685,European journal of orthopaedic surgery & traumatology : orthopedie traumatologie,,,2021 Jan,"Department of Orthopaedic Surgery, Stanford University Medical Center, 450 Broadway Street, Pavilion C, 4th Floor, Redwood City, CA, 94063-6342, USA.",,
"Tigchelaar, Seth S",1,9,Augmented Reality Neuronavigation for En Bloc Resection of Spinal Column Lesions.,36096393,World neurosurgery,,,2022 Nov,"Department of Neurosurgery, Stanford University Medical Center, Stanford, California, USA. Electronic address: stigchel@stanford.edu.",,
"Tigchelaar, Seth S",5,10,Outcomes of Biosynthetic and Synthetic Mesh in Ventral Hernia Repair.,36530858,Plastic and reconstructive surgery. Global open,,,2022 Dec,"Division of Plastic and Reconstructive Surgery, Stanford University Medical Center, Stanford, Calif.",,
"Tigchelaar, Seth",3,38,Proteomic Portraits Reveal Evolutionarily Conserved and Divergent Responses to Spinal Cord Injury.,34129941,Molecular & cellular proteomics : MCP,,,2021,"International Collaboration on Repair Discoveries (ICORD), University of British Columbia, Vancouver, British Columbia, Canada.",,
"Tigchelaar, Seth S",5,8,Interaction of preoperative chemoprophylaxis and tranexamic acid use does not affect transfusion in acetabular fracture surgery.,37865628,European journal of orthopaedic surgery & traumatology : orthopedie traumatologie,,,2024 Feb,"Department of Orthopaedic Surgery, Stanford School of Medicine, Stanford, CA, 94305, USA.",,
"Tigchelaar, Seth S",2,7,Medial Column Support in Pilon Fractures Using Percutaneous Intramedullary Large Fragment Fixation.,33675625,Journal of orthopaedic trauma,,,2021 Dec 1,"Stanford University Department of Orthopaedic Surgery, Stanford, CA; and.",,
"Tigchelaar, Seth S",3,11,Advanced Age Does Not Impact Outcomes After 1-level or 2-level Lateral Lumbar Interbody Fusion.,34724454,Clinical spine surgery,,,2022 Apr 1,Departments of Orthopaedic Surgery.,,
"Tigchelaar, Seth S",1,7,"Metastatic Pattern of Truncal and Extremity Leiomyosarcoma: Retrospective Analysis of Predictors, Outcomes, and Detection.",35330345,Journal of personalized medicine,,,2022 Feb 24,"Department of Orthopedic Surgery, Stanford University, Stanford, CA 94305, USA.",,
"Tigchelaar, Seth S",3,6,Augmented Reality-Assisted Resection of a Large Presacral Ganglioneuroma: 2-Dimensional Operative Video.,36701554,"Operative neurosurgery (Hagerstown, Md.)",,,2023 Apr 1,"Department of Neurosurgery, Stanford University Medical Center, Stanford, California, USA.",,
"Tigchelaar, Seth S",4,8,Management of the posterior wall fracture in associated both column fractures of the acetabulum.,33386470,European journal of orthopaedic surgery & traumatology : orthopedie traumatologie,,,2021 Aug,"Department of Orthopaedic Surgery, Stanford University, 450 Broadway Street, Pavilion C, 4th Floor, Redwood City, CA, 94063-6342, USA.",,
"Tigchelaar, Seth S",2,7,Tranexamic acid does not affect intraoperative blood loss or in-hospital outcomes after acetabular fracture surgery.,33891154,European journal of orthopaedic surgery & traumatology : orthopedie traumatologie,,,2022 Feb,"Department of Orthopaedic Surgery, Stanford University School of Medicine, Stanford, CA, USA.",,
"Tigchelaar, Seth",1,3,Spinal cord injury: a study protocol for a systematic review and meta-analysis of microRNA alterations.,35382886,Systematic reviews,,,2022 Apr 5,"Department of Neurosurgery, Stanford University Medical Center, Stanford, CA, USA.",,
"Tigchelaar, Seth S",3,7,Indications for cement augmentation in fixation of geriatric intertrochanteric femur fractures: a systematic review of evidence.,33829301,Archives of orthopaedic and trauma surgery,,,2022 Oct,"Department of Orthopaedic Surgery, Stanford University Medical Center, Stanford, 450 Broadway St., Pavilion C, 4th Floor, Redwood, CA, 94063, USA.",,
"Tigchelaar, Seth S",3,6,Hypotensive Anesthesia does not reduce Transfusion Rates during and after Acetabular Fracture Surgery.,33832703,Injury,,,2021 Jul,"Department of Orthopaedic Surgery, Stanford University Medical Center, Stanford, CA, USA.",,
"Tigchelaar, Seth S",3,7,Trochanteric fixation nail advanced with helical blade and cement augmentation: early experience with a retrospective cohort.,32804288,European journal of orthopaedic surgery & traumatology : orthopedie traumatologie,,,2021 Feb,"Department of Orthopaedic Surgery, Stanford University School of Medicine, 300 Pasteur Drive Room R144, Stanford, CA, 94305, USA.",,
"Tigchelaar, Seth",11,15,Cardio-centric hemodynamic management improves spinal cord oxygenation and mitigates hemorrhage in acute spinal cord injury.,33060602,Nature communications,,,2020 Oct 15,"International Collaboration On Repair Discoveries (ICORD), University of British Columbia, Vancouver, BC, Canada.",,
"Tigchelaar, Seth",14,26,Characterization of Lower Urinary Tract Dysfunction after Thoracic Spinal Cord Injury in Yucatan Minipigs.,33499736,Journal of neurotrauma,,,2021 May 1,"International Collaboration on Repair Discoveries (ICORD), Departments of Department of Orthopaedics, Faculty of Medicine, University of British Columbia, Vancouver, British Columbia, Canada.",,
"Tigchelaar, Seth S",2,7,Gluteus Minimus Debridement During Acetabular Fracture Surgery Does Not Prevent Heterotopic Ossification-A Comparative Study.,33480642,Journal of orthopaedic trauma,,,2021 Oct 1,,,
"Tigchelaar, Seth",2,12,Characterization of the gut microbiome in a porcine model of thoracic spinal cord injury.,34717545,BMC genomics,,,2021 Oct 30,"International Collaboration on Repair Discoveries, University of British Columbia, Vancouver, BC, Canada.",,
"Tigchelaar, Seth",2,10,Integrated systems analysis reveals conserved gene networks underlying response to spinal cord injury.,30277459,eLife,,,2018 Oct 2,"International Collaboration on Repair Discoveries, University of British Columbia, Vancouver, Canada.",,
"Tigchelaar, Seth",7,9,Review of the UBC Porcine Model of Traumatic Spinal Cord Injury.,30196652,Journal of Korean Neurosurgical Society,,,2018 Sep,"International Collaboration on Repair Discoveries (ICORD), University of British Columbia, Vancouver, Canada.",,
"Tigchelaar, Seth S",20,30,Allometrically scaling tissue forces drive pathological foreign-body responses to implants via Rac2-activated myeloid cells.,37749310,Nature biomedical engineering,,,2023 Nov,"Division of Plastic and Reconstructive Surgery, Department of Surgery, Stanford University School of Medicine, Stanford, CA, USA.",,
"Tigchelaar, Seth S",3,9,Cephalomedullary helical blade is independently associated with less collapse in intertrochanteric femur fractures than lag screws.,33587180,European journal of orthopaedic surgery & traumatology : orthopedie traumatologie,,,2021 Oct,"Department of Orthopaedic Surgery, Stanford Hospitals and Clinics, Stanford, CA, USA.",,
"Tigchelaar, Seth S",3,9,Countersinking the Lag Screw or Blade During Cephalomedullary Nailing of Geriatric Intertrochanteric Femur Fractures: Less Collapse and Implant Prominence Without Increased Cutout Rates.,34932507,The Journal of the American Academy of Orthopaedic Surgeons,,,2022 Jan 1,,,
"Tigchelaar, Seth",11,19,"Duraplasty in Traumatic Thoracic Spinal Cord Injury: Impact on Spinal Cord Hemodynamics, Tissue Metabolism, Histology, and Behavioral Recovery Using a Porcine Model.",34011164,Journal of neurotrauma,,,2021 Nov 1,"International Collaboration on Repair Discoveries, University of British Columbia (UBC), Vancouver, British Columbia, Canada.",,
"Tigchelaar, Seth S",3,9,Lateral Distractor Use During Internal Fixation of Tibial Plateau Fractures Has a Minimal Risk of Iatrogenic Peroneal Nerve Palsy.,33165211,Journal of orthopaedic trauma,,,2021 Feb 1,,,
"Tigchelaar, Seth",3,13,Single position lateral decubitus anterior lumbar interbody fusion (ALIF) and posterior fusion reduces complications and improves perioperative outcomes compared with traditional anterior-posterior lumbar fusion.,34600110,The spine journal : official journal of the North American Spine Society,,,2022 Mar,"Department of Orthopedic Surgery, Stanford University, Stanford, 430 Broadway Street, MC: 6342, Pavilion C, 4th Floor, Redwood City, CA 94063-3132 CA, USA.",,
"Tigchelaar, Seth",1,15,Serum MicroRNAs Reflect Injury Severity in a Large Animal Model of Thoracic Spinal Cord Injury.,28469141,Scientific reports,,,2017 May 3,"International Collaboration on Repair Discoveries (ICORD), University of British Columbia, Vancouver, British Columbia, Canada.",,
"Tigchelaar, Seth",1,22,MicroRNA Biomarkers in Cerebrospinal Fluid and Serum Reflect Injury Severity in Human Acute Traumatic Spinal Cord Injury.,30827169,Journal of neurotrauma,,,2019 Aug 1,"1International Collaboration on Repair Discoveries (ICORD), University of British Columbia, Vancouver, British Columbia, Canada.",,
"Tigchelaar, Seth",8,14,Continuous Optical Monitoring of Spinal Cord Oxygenation and Hemodynamics during the First Seven Days Post-Injury in a Porcine Model of Acute Spinal Cord Injury.,32689879,Journal of neurotrauma,,,2020 Nov 1,"International Collaboration on Repair Discoveries, University of British Columbia, Vancouver, British Columbia, Canada.",,
"Tigchelaar, Seth",2,12,Correction to: Characterization of the gut microbiome in a porcine model of thoracic spinal cord injury.,34872489,BMC genomics,,,2021 Dec 6,"International Collaboration on Repair Discoveries, University of British Columbia, Vancouver, BC, Canada.",,
"Tigchelaar, Seth",5,13,A novel porcine model of traumatic thoracic spinal cord injury.,23316955,Journal of neurotrauma,,,2013 Feb 1,,,
"Tigchelaar, Seth",7,14,Differences in Morphometric Measures of the Uninjured Porcine Spinal Cord and Dural Sac Predict Histological and Behavioral Outcomes after Traumatic Spinal Cord Injury.,30816064,Journal of neurotrauma,,,2019 Nov 1,"International Collaboration on Repair Discoveries (ICORD), Department of Orthopaedics, University of British Columbia (UBC), Vancouver, British Columbia, Canada.",,
"Tigchelaar, Seth",4,11,"Changes in Pressure, Hemodynamics, and Metabolism within the Spinal Cord during the First 7 Days after Injury Using a Porcine Model.",28844181,Journal of neurotrauma,,,2017 Dec 15,"1 International Collaboration on Repair Discoveries (ICORD), University of British Columbia , Vancouver, British Columbia, Canada .",,
"Tigchelaar, Seth",6,13,Responses of the Acutely Injured Spinal Cord to Vibration that Simulates Transport in Helicopters or Mine-Resistant Ambush-Protected Vehicles.,27214588,Journal of neurotrauma,,,2016 Dec 15,"1 International Collaboration on Repair Discoveries (ICORD), University of British Columbia , Vancouver, British Columbia, Canada .",,
"Tigchelaar, Seth",2,7,Lack of neuroprotective effects of simvastatin and minocycline in a model of cervical spinal cord injury.,20599974,Experimental neurology,,,2010 Sep,,,
"Tigchelaar, Seth",3,7,A contusive model of unilateral cervical spinal cord injury using the infinite horizon impactor.,22871686,Journal of visualized experiments : JoVE,,,2012 Jul 24,,,
"Tigchelaar, Seth",5,17,The Evaluation of Magnesium Chloride within a Polyethylene Glycol Formulation in a Porcine Model of Acute Spinal Cord Injury.,27125815,Journal of neurotrauma,,,2016 Dec 15,"1 International Collaboration on Repair Discoveries (ICORD), University of British Columbia , Blusson Spinal Cord Center, Vancouver, British Columbia, Canada .",,
,,,,,,,,,,,
"Toll, Brandon J",2,7,Opioid-induced toxic leukoencephalopathy: A case report and review of the literature.,31879710,Heliyon,,,2019 Dec,"Shriners Hospitals for Children-Philadelphia, Departments of Orthopaedic and Neurosurgery, 3551 N Broad St, Philadelphia, PA, 19140, USA.",,
"Toll, Brandon J",6,8,Risk factors for proximal junctional kyphosis after pediatric spinal deformity surgery with halo gravity traction.,35851613,Child's nervous system : ChNS : official journal of the International Society for Pediatric Neurosurgery,,,2022 Oct,"Shriners Children's Philadelphia, 3551 N Broad Street, Philadelphia, PA, 19140, USA.",,
"Toll, Brandon J",1,6,Congenital Scoliosis of the Pediatric Cervical Spine: Characterization of a 17-Patient Operative Cohort.,33534366,Journal of pediatric orthopedics,,,2021 Mar 1,"Departments of Orthopaedic Surgery and Neurosurgery, Shriners Hospitals for Children-Philadelphia, Philadelphia, PA.",,
"Toll, Brandon",6,8,"Pain After Anterior Vertebral Body Tethering: Incidence, Risk Factors, and Timing.",37470388,Spine,,,2023 Oct 15,"Shriners Children's-Philadelphia, Philadelphia, PA.",,
"Toll, Brandon J",1,6,Perioperative complications and risk factors in neuromuscular scoliosis surgery.,29749884,Journal of neurosurgery. Pediatrics,,,2018 Aug,,,
"Toll, Brandon J",1,8,Risk Factors for Proximal Junctional Kyphosis Following Surgical Deformity Correction in Pediatric Neuromuscular Scoliosis.,33065694,Spine,,,2021 Feb 1,"Departments of Orthopaedic Surgery and Neurosurgery, Shriners Hospitals for Children-Philadelphia, Philadelphia, PA.",,
"Toll, Brandon J",5,8,Do drains help reduce the risk of complications after thoracoplasties in posterior spinal fusions for adolescent idiopathic scoliosis?,34860260,Child's nervous system : ChNS : official journal of the International Society for Pediatric Neurosurgery,,,2022 Mar,"Shriners Hospitals for Children-Philadelphia, 3551 N Broad Street, Philadelphia, PA, 19140, USA.",,
"Toll, Brandon",2,8,Risk Factors for Wound Infections after Deformity Correction Surgery in Neuromuscular Scoliosis.,30783030,Pediatric neurosurgery,,,2019,"Departments of Orthopaedic Surgery and Neurosurgery, Shriners Hospitals for Children-Philadelphia, Philadelphia, Pennsylvania, USA.",,
"Toll, Brandon J",1,5,Crossing the cervicothoracic junction in complex pediatric deformity using anterior cervical discectomy and fusion: a case series.,33730238,Child's nervous system : ChNS : official journal of the International Society for Pediatric Neurosurgery,,,2021 Jun,"Shriners Hospitals for Children-Philadelphia, 3551 N Broad St, Philadelphia, PA, 19140, USA.",,
"Toll, Brandon J",1,2,Commentary: Anterior Cervical Discectomy and Fusion Versus Microendoscopic Posterior Cervical Foraminotomy for Unilateral Cervical Radiculopathy: A 1-Year Cost-Utility Analysis.,37581449,Neurosurgery,,,2023 Sep 1,"Department of Neurosurgery, Lahey Hospital & Medical Center, Burlington , Massachusetts , USA.",,
"Toll, Brandon J",1,5,Novel Use of Subcostal Polyethylene Bands to Manage Tumor-Related Scoliosis Requiring Serial Imaging: A Case Report.,32224656,JBJS case connector,,,2020 Jan-Mar,"Departments of Orthopaedic Surgery and Neurosurgery, Shriners Hospitals for Children-Philadelphia, Philadelphia, Pennsylvania.",,
"Toll, Brandon J",1,6,Single-Staged Management of Pediatric Neuropathic Scoliosis with Intradural-Extramedullary Schwannoma and Improvement in Intraoperative Neuromonitoring: A Case Report.,32649096,JBJS case connector,,,2020 Apr-Jun,"Departments of Orthopaedic Surgery and Neurosurgery, Shriners Hospitals for Children-Philadelphia, Philadelphia, Pennsylvania.",,
,,,,,,,,,,,
"Peter-Okaka, Uchenna I",4,7,Global pediatric craniopharyngioma management modalities and outcomes.,37466685,Child's nervous system : ChNS : official journal of the International Society for Pediatric Neurosurgery,,,2024 Jan,"Department of Neurosurgery, Rutgers University, New Brunswick, NJ, USA.",,
"Peter-Okaka, Uchenna I",1,8,Are there any benefits for post-operative splinting after carpal tunnel release? A systematic review and meta-analysis.,38383364,BMC musculoskeletal disorders,,,2024 Feb 21,"Department of Neurosurgery, Rutgers University New-Brunswick, Moncton, NJ, USA.",,
"Peter-Okaka, Uchenna",2,5,Letter: A Pathway to Safe Spine Surgery in Underweight Frail Patients: The Revised Risk Analysis Index Displays Remarkable Discrimination for 30-Day Postoperative Mortality and Nonhome Discharge.,37246860,Neurosurgery,,,2023 Aug 1,"Department of Surgery, Bowers Neurosurgical Frailty and Outcomes Data Science Lab, Albuquerque , New Mexico , USA.",,
,,,,,,,,,"Department of Surgery, West Virginia University School of Medicine, Morgantown , West Virginia , USA.",,
"Peter-Okaka, Uchenna",4,9,"A comprehensive analysis of the triad of frailty, aging, and obesity in spine surgery: the risk analysis index predicted 30-day mortality with superior discrimination.",37625550,The spine journal : official journal of the North American Spine Society,,,2023 Dec,"Bowers Neurosurgical Frailty and Outcomes Data Science Lab, Albuquerque, NM, USA; West Virginia University School of Medicine, 64 Medical Center Dr, Morgantown, WV 26506, USA.",,
"Peter-Okaka, Uchenna",3,6,"Multiplicative effect of frailty and obesity on postoperative mortality following spine surgery: a deep dive into the frailty, obesity, and Clavien-Dindo dynamic.",38110501,International journal of obesity (2005),,,2024 Mar,"Bowers Neurosurgical Frailty and Outcomes Data Science Lab, Albuquerque, NM, USA.",,
,,,,,,,,,,,
"Valliani, Aly Al-Amyn",1,3,Deep Learning and Neurology: A Systematic Review.,31435868,Neurology and therapy,,,2019 Dec,"Department of Neurological Surgery, Mount Sinai Health System, 1 Gustave Levy Pl, New York, NY, 10029, USA.",,
"Valliani, Aly A",2,10,Clinical Trials in Spinal Tumors: A Two-Decade Review.,34861445,World neurosurgery,,,2022 May,"Department of Neurosurgery, Icahn School of Medicine at Mount Sinai, New York, New York, USA.",,
"Valliani, Aly A",4,9,Understanding Artificial Intelligence and Predictive Analytics: A Clinically Focused Review of Machine Learning Techniques.,35302963,JBJS reviews,,,2022 Mar 18,,,
"Valliani, Aly A",6,12,Portable hardware & software technologies for addressing ophthalmic health disparities: A systematic review.,35558637,Digital health,,,2022 Jan-Dec,"Department of Medical Education, Icahn School of Medicine at Mount Sinai, New York, NY, USA. RINGGOLD: 5925",,
"Valliani, Aly A",2,9,Intraoperative Navigation in Spine Surgery: Effects on Complications and Reoperations.,35033690,World neurosurgery,,,2022 Apr,"Department of Neurosurgery, Icahn School of Medicine at Mount Sinai, Mount Sinai Health System, New York, New York, USA.",,
"Valliani, Aly A",1,10,Deploying deep learning models on unseen medical imaging using adversarial domain adaptation.,36240135,PloS one,,,2022,"Department of Neurosurgery, Mount Sinai Health System, New York, NY, United States of America.",,
"Valliani, Aly A",2,11,Identification of Anterior Cervical Spinal Instrumentation Using a Smartphone Application Powered by Machine Learning.,34269759,Spine,,,2022 May 1,"Department of Orthopedic Surgery, Mount Sinai Health System, New York, NY.",,
"Valliani, Aly A",2,9,Deep anomaly detection of seizures with paired stereoelectroencephalography and video recordings.,33820942,Scientific reports,,,2021 Apr 5,"Department of Neurosurgery, Icahn School of Medicine at Mount Sinai, New York, NY, 10029, USA.",,
"Valliani, Aly A",4,8,Population scale latent space cohort matching for the improved use and exploration of observational trial data.,35730283,Mathematical biosciences and engineering : MBE,,,2022 May 5,"Department of Medicine, Icahn School of Medicine, New York, NY 10028, USA.",,
"Valliani, Aly A",4,13,Virtual Reality Hemifield Measurements for Corrective Surgery Eligibility in Ptosis Patients: A Pilot Clinical Trial.,36282119,Translational vision science & technology,,,2022 Oct 3,"Department of Medical Education, Icahn School of Medicine at Mount Sinai, New York, NY, USA.",,
"Valliani, Aly A",9,11,Weekend Admission Increases Risk of Readmissions Following Elective Cervical Spinal Fusion.,37016876,Neurospine,,,2023 Mar,"Department of Orthopaedic Surgery, Icahn School of Medicine at Mount Sinai, New York, NY, USA.",,
"Valliani, Aly",3,7,"Teledermatology in medical student, postgraduate trainee, and global dermatology education: A systematic review.",36941913,JAAD international,,,2023 Jun,"The Icahn School of Medicine at Mount Sinai, New York.",,
"Valliani, Aly A",1,11,Robust Prediction of Non-home Discharge After Thoracolumbar Spine Surgery With Ensemble Machine Learning and Validation on a Nationwide Cohort.,35654334,World neurosurgery,,,2022 Sep,"Department of Neurosurgery, Icahn School of Medicine at Mount Sinai, New York, New York, USA. Electronic address: aly.valliani@icahn.mssm.edu.",,
"Valliani, Aly A",1,8,Pragmatic Prediction of Excessive Length of Stay After Cervical Spine Surgery With Machine Learning and Validation on a National Scale.,35834322,Neurosurgery,,,2022 Aug 1,"Department of Neurosurgery, Icahn School of Medicine at Mount Sinai, New York, New York, USA.",,
"Valliani, Aly A",8,11,Weekend Admission Increases Risk of Readmissions Following Elective Thoracolumbar Spinal Fusion.,35969028,Global spine journal,,,2024 Mar,"Department of Orthopaedic Surgery, Icahn School of Medicine at Mount Sinai, New York, NY, USA. RINGGOLD: 5925",,
"Valliani, Aly A",9,15,Automated Measurement of Lumbar Lordosis on Radiographs Using Machine Learning and Computer Vision.,32677567,Global spine journal,,,2020 Aug,"Icahn School of Medicine at Mount Sinai, New York, NY, USA.",,
"Valliani, Aly A",11,17,Robust prediction of nonhome discharge following elective anterior cervical discectomy and fusion using explainable machine learning.,36854862,"European spine journal : official publication of the European Spine Society, the European Spinal Deformity Society, and the European Section of the Cervical Spine Research Society",,,2023 Jun,"Department of Orthopaedic Surgery, Icahn School of Medicine at Mount Sinai, New York, United States of America.",,
"Valliani, Aly A",3,8,Development of a machine learning algorithm to identify total and reverse shoulder arthroplasty implants from X-ray images.,36411845,Journal of orthopaedics,,,2023 Jan,"Department of Orthopaedic Surgery, Mount Sinai Health System, New York, NY, 10029, USA.",,
"Valliani, Aly",5,17,CHK1 Inhibition in Small-Cell Lung Cancer Produces Single-Agent Activity in Biomarker-Defined Disease Subsets and Combination Activity with Cisplatin or Olaparib.,28490518,Cancer research,,,2017 Jul 15,"Department of Thoracic/Head and Neck Medical Oncology, The University of Texas MD Anderson Cancer Center, Houston, Texas.",,
"Valliani, Aly A",2,11,Reliable Prediction of Discharge Disposition Following Cervical Spine Surgery With Ensemble Machine Learning and Validation on a National Cohort.,38285429,Clinical spine surgery,,,2024 Feb 1,Departments of Neurosurgery.,,
,,,,,,,,,,,
"Varela, Samantha",4,8,Corticospinal Motor Circuit Plasticity After Spinal Cord Injury: Harnessing Neuroplasticity to Improve Functional Outcomes.,34341881,Molecular neurobiology,,,2021 Nov,"School of Medicine, University of New Mexico (UNM), Albuquerque, NM, 87131, USA.",,
"Varela, Samantha",5,10,"Postprocedural Complications of External Ventricular Drains: A Meta-Analysis Evaluating the Absolute Risk of Hemorrhages, Infections, and Revisions.",36470560,World neurosurgery,,,2023 Mar,"Department of Neurosurgery, University of New Mexico Hospital, Albuquerque, New Mexico, USA.",,
"Varela, Samantha",1,12,One-year experience with virtual multidisciplinary neuro-oncology tumor board during the COVID-19 pandemic.,35766210,Journal of neurosurgical sciences,,,2022 Dec,"School of Medicine, University of New Mexico (UNM), Albuquerque, NM, USA.",,
"Varela, Samantha",1,16,Neurosurgery virtual education in the COVID-19 pandemic era: results of a global survey.,34647717,Journal of neurosurgical sciences,,,2022 Jun,"School of Medicine, University of New Mexico (UNM), Albuquerque, NM, USA.",,
"Varela, Samantha",1,8,Letter: Association of Late Week Nonhome Discharge With Increased Length of Stay in Intracranial Meningioma Resection Patients.,35442224,Neurosurgery,,,2022 Jun 1,"School of Medicine, University of New Mexico (UNM), Albuquerque, New Mexico, USA.",,
"Varela, Samantha",2,4,Letter: Association of Patient Frailty With Vestibular Schwannoma Resection Outcomes and Machine Learning Development of a Vestibular Schwannoma Risk Stratification Score.,36094282,Neurosurgery,,,2022 Nov 1,"School of Medicine, University of New Mexico (UNM), Albuquerque, New Mexico, USA.",,
"Varela, Samantha",2,11,Advanced frailty assessment tool predicts successful awake craniotomy in a 92-year-old patient: A case report.,36324951,Surgical neurology international,,,2022,"Department of Neurosurgery, University of New Mexico, University of New Mexico Health Sciences Center, Albuquerque, United States.",,
"Varela, Samantha",1,6,Continuous Tissue Plasminogen Activator Infusion Using a Minimally Invasive Irrigating Catheter for the Treatment of Intraparenchymal Hemorrhage Within the Basal Ganglia: Case Reports.,36227254,"Operative neurosurgery (Hagerstown, Md.)",,,2022 Dec 1,"School of Medicine, University of New Mexico (UNM), Albuquerque, New Mexico, USA.",,
"Varela, Samantha",2,8,"Worse cranial neurosurgical outcomes predicted by increasing frailty in patients with interhospital transfer status: Analysis of 47,736 patients from the National Surgical Quality Improvement Program (NSQIP) 2015-2019.",35901555,Clinical neurology and neurosurgery,,,2022 Oct,"School of Medicine, University of New Mexico, Albuquerque, NM 87106, USA.",,
"Varela, Samantha",1,8,Clinically predictive baseline labs for post-operative outcomes of brain tumors using NSQIP database.,36781309,European journal of surgical oncology : the journal of the European Society of Surgical Oncology and the British Association of Surgical Oncology,,,2023 Apr,"School of Medicine, University of New Mexico (UNM), Albuquerque, NM, USA.",,
"Varela, Samantha",3,13,Preoperative frailty risk in deep brain stimulation patients: Risk analysis index predicts Clavien-Dindo IV complications.,36773534,Clinical neurology and neurosurgery,,,2023 Mar,"University of New Mexico School of Medicine, Albuquerque, NM, USA.",,
"Varela, Samantha",9,14,Preoperative frailty status measured by Clinical Risk Analysis Index and adverse events after endoscopic endonasal transsphenoidal resection of pituitary adenoma: results of a single center prospective case series.,36692309,Journal of neurosurgical sciences,,,2023 Aug,"Department of Neurosurgery, University of New Mexico Hospital, Albuquerque, NM, USA.",,
,,,,,,,,,"Bowers Neurosurgical Frailty and Outcomes Data Science Lab, Albuquerque, NM, USA.",,
"Varela, Samantha",1,4,"Letter to Editor Regarding ""Hospital Frailty Risk Score Predicts Adverse Events and Readmission Following Ventriculoperitoneal Shunt Surgery for Normal Pressure Hydrocephalus"".",36585095,World neurosurgery,,,2023 Jan,"University of New Mexico School of Medicine, Albuquerque, New Mexico, USA.",,
"Varela, Samantha",2,15,Superior discrimination of the Risk Analysis Index compared with the 5-item modified frailty index in 30-day outcome prediction after anterior cervical discectomy and fusion.,37439459,Journal of neurosurgery. Spine,,,2023 Oct 1,"2School of Medicine, University of New Mexico, Albuquerque, New Mexico.",,
"Varela, Samantha",2,8,Comparison of the Risk Analysis Index and the modified 5-factor frailty index in predicting 30-day morbidity and mortality after spine surgery.,37029672,Journal of neurosurgery. Spine,,,2023 Jul 1,"2School of Medicine, University of New Mexico, Albuquerque, New Mexico.",,
"Varela, Samantha",4,7,Baseline labs predict adverse postoperative outcomes following metastatic brain tumor resection: Analysis of 5943 patients from a prospective surgical registry (2015-2019).,37659341,European journal of surgical oncology : the journal of the European Society of Surgical Oncology and the British Association of Surgical Oncology,,,2023 Oct,"School of Medicine, University of New Mexico (UNM), Albuquerque, NM, USA.",,
"Varela, Samantha",1,7,Preoperative Laboratory Values Are Predictive of Adverse Postoperative Outcomes in Patients Older Than 65 Years Undergoing Brain Tumor Resection: A National Surgical Quality Improvement Program Study.,36972900,World neurosurgery,,,2023 Aug,"School of Medicine, University of New Mexico (UNM), Albuquerque, New Mexico, USA.",,
"Varela, Samantha",9,13,The 5-item modified frailty index predicts spinal osteotomy outcomes better than age in adult spinal deformity patients: an ACS - NSQIP analysis.,37291408,Spine deformity,,,2023 Sep,"School of Medicine, University of New Mexico, Albuquerque, NM, 87131, USA.",,
"Varela, Samantha",1,7,The risk analysis index demonstrates superior discriminative ability in predicting extended length of stay in pituitary adenoma resection patients when compared to the 5-point modified frailty index.,38292022,World neurosurgery: X,,,2024 Jan,"Department of Neurosurgery, University of New Mexico Hospital (UNMH), Albuquerque, NM, USA.",,
,,,,,,,,,,,
"Walek, Konrad W",1,7,Risk factors and outcomes associated with external ventricular drain infections.,35471129,Infection control and hospital epidemiology,,,2022 Dec,"Department of Neurosurgery, Warren Alpert Medical School of Medicine of Brown University, Providence, Rhode Island, USA.",,
"Walek, Konrad W",1,4,Reducing ventriculoperitoneal shunt infection with intraoperative glove removal.,35438070,Infection control and hospital epidemiology,,,2023 Feb,"Department of Neurosurgery, Warren Alpert Medical School of Brown University, ProvidenceRhode Island.",,
"Walek, Konrad",2,7,"Incidence, Characteristics, and Outcomes of Pseudomeningocele and Cerebrospinal Fluid Fistula after Posterior Fossa Surgery.",35640831,World neurosurgery,,,2022 Aug,"Department of Neurosurgery, Warren Alpert Medical School of Medicine of Brown University, Providence, Rhode Island, USA.",,
"Walek, Konrad W",1,13,"Near-lifespan longitudinal tracking of brain microvascular morphology, topology, and flow in male mice.",37221202,Nature communications,,,2023 May 24,"Warren Alpert Medical School, Brown University, Providence, RI, 02912, USA.",,
"Walek, Konrad",2,7,Development of posttraumatic frontal brain abscess in association with an orbital roof fracture and odontogenic abscess: A case report.,36447845,Surgical neurology international,,,2022,"Department of Neurosurgery, Rhode Island Hospital, The Alpert Warren Medical School of Brown University Providence, United States.",,
"Walek, Konrad W",2,4,Differences in microorganisms causing infection after cranial and spinal surgeries.,37877962,Journal of neurosurgery,,,2024 Mar 1,"2Neurosurgery, and.",,
"Walek, Konrad W",1,6,Decreasing External Ventricular Drain Infection Rates in the Neurocritical Care Unit: 12-Year Longitudinal Experience at a Single Institution.,33647492,World neurosurgery,,,2021 Jun,"Department of Neurosurgery, Warren Alpert Medical School of Medicine of Brown University, Providence, Rhode Island, USA.",,
"Walek, Konrad",5,16,Time of Discharge and 30-Day Re-Presentation to an Acute Care Setting After Elective Lumbar Decompression Surgery.,36700671,Neurosurgery,,,2023 Mar 1,"Department of Neurosurgery, Warren Alpert School of Medicine, Brown University, Providence, Rhode Island, USA.",,
"Walek, Konrad",3,7,Investigating the correlation between early vascular alterations and cognitive impairment in Alzheimer's disease in mice with SD-OCT.,37078054,Biomedical optics express,,,2023 Apr 1,"Warren Alpert Medical School of Brown University, Providence, Rhode Island 02903, USA.",,
"Walek, Konrad",2,4,Doppler OCT clutter rejection using variance minimization and offset extrapolation.,30460132,Biomedical optics express,,,2018 Nov 1,"Department of Neuroscience, Brown University, Providence, RI 02906, USA.",,
,,,,,,,,,"Warren A. Alpert Medical School, Brown University, Providence, RI 02906, USA.",,
"Walek, Konrad W",2,18,The Neurosurgeon's Dilemma-Do Antiplatelet/Anticoagulant Medications Increase the Risk of Catheter-Associated Hemorrhage in External Ventricular Drain Placement?,38061544,World neurosurgery,,,2024 Feb,"Department of Neurosurgery, University of Maryland School of Medicine, Baltimore, Maryland, USA.",,
"Walek, Konrad",1,3,Spinal Epidural Hematoma After Attempted Catheter Thrombectomy of a Large Iliofemoral Deep Venous Thrombosis: A Case Report.,32357596,Rhode Island medical journal (2013),,,2020 May 1,"Department of Neurosurgery, The Warren Alpert Medical School of Brown University, Providence, RI.",,
,,,,,,,,,,,
